{
  "schemaVersion": 2,
  "mediaType": "application/vnd.oci.image.index.v1+json",
  "manifests": [
    {
      "mediaType": "application/vnd.oci.image.manifest.v1+json",
      "digest": "sha256:6755c45deaa3e0d23633f5575debbdef7e24ca0feb075ab9cfda71d10c524043",
      "size": 2206,
      "platform": {
        "architecture": "amd64",
        "os": "linux"
      }
    },
    {
      "mediaType": "application/vnd.oci.image.manifest.v1+json",
      "digest": "sha256:5deed22037d95d40a92bcd2d0e531350ade4792eabd8591af459459494e3af8c",
      "size": 566,
      "annotations": {
        "vnd.docker.reference.digest": "sha256:6755c45deaa3e0d23633f5575debbdef7e24ca0feb075ab9cfda71d10c524043",
        "vnd.docker.reference.type": "attestation-manifest"
      },
      "platform": {
        "architecture": "unknown",
        "os": "unknown"
      }
    }
  ]
}